{"stats":{"minecraft:crafted":{"minecraft:oak_planks":62,"minecraft:stone_shovel":1,"minecraft:barrel":1,"minecraft:sand":1,"minecraft:furnace":1,"allthecompressed:cobblestone_1x":129,"alltheores:copper_ore_hammer":1,"exdeorum:string_mesh":9,"minecraft:stone_pickaxe":1,"minecraft:chest":6,"minecraft:copper_block":2,"exdeorum:stone_hammer":19,"exdeorum:iron_mesh":9,"dankstorage:dank_1":1,"minecraft:oak_slab":8,"exdeorum:oak_barrel":6,"minecraft:crafting_table":2,"minecraft:gravel":1,"minecraft:copper_ingot":11,"exdeorum:compressed_stone_hammer":2,"minecraft:copper_ore":27,"minecraft:stone_axe":1,"minecraft:air":656,"exdeorum:crook":5,"minecraft:charcoal":12,"minecraft:cobblestone":114,"exdeorum:flint_mesh":9,"minecraft:stick":11,"minecraft:iron_ingot":3,"minecraft:iron_ore":34,"exdeorum:oak_sieve":9,"alltheores:iron_dust":16,"minecraft:torch":6},"minecraft:mined":{"minecraft:grass_block":1,"minecraft:iron_ore":34,"minecraft:dirt_path":1,"exdeorum:oak_sieve":9,"exdeorum:infested_leaves":295,"minecraft:torch":1,"minecraft:copper_ore":27,"minecraft:cobblestone":1,"minecraft:pink_petals":3,"minecraft:bee_nest":1,"minecraft:oak_log":129,"minecraft:dirt":2,"minecraft:sand":11,"allthecompressed:cobblestone_1x":192,"minecraft:oak_leaves":128},"minecraft:picked_up":{"exdeorum:gold_ore_chunk":73,"minecraft:wheat":1,"minecraft:lead":2,"exdeorum:iron_ore_chunk":215,"exdeorum:blackstone_pebble":1468,"minecraft:string":111,"exdeorum:string_mesh":18,"minecraft:raw_copper":97,"exdeorum:granite_pebble":1358,"minecraft:sea_pickle":1,"mysticalagriculture:inferium_essence":2,"exdeorum:iron_mesh":5,"exdeorum:zinc_ore_chunk":82,"minecraft:egg":1,"minecraft:stick":68,"minecraft:raw_iron":34,"minecraft:torch":1,"minecraft:pointed_dripstone":80,"exdeorum:silk_worm":8,"minecraft:cactus":1,"exdeorum:diorite_pebble":1382,"exdeorum:tin_ore_chunk":113,"everlastingabilities:ability_bottle":1,"exdeorum:andesite_pebble":1466,"minecraft:cobblestone":783,"exdeorum:osmium_ore_chunk":59,"minecraft:pink_petals":186,"exdeorum:basalt_pebble":1397,"minecraft:leather":4,"minecraft:flint":383,"minecraft:oak_log":211,"minecraft:lapis_lazuli":105,"minecraft:dirt":7,"exdeorum:nickel_ore_chunk":108,"minecraft:apple":11,"minecraft:kelp":3,"exdeorum:stone_pebble":7416,"minecraft:wheat_seeds":1,"exdeorum:oak_sieve":9,"forcecraft:pile_of_gunpowder":2,"minecraft:oak_planks":14,"exdeorum:deepslate_pebble":1430,"exdeorum:lead_ore_chunk":98,"minecraft:gravel":1728,"exdeorum:flint_mesh":9,"minecraft:sand":11,"minecraft:amethyst_shard":31,"exdeorum:silver_ore_chunk":76,"exdeorum:aluminum_ore_chunk":92,"minecraft:diamond":19,"exdeorum:copper_ore_chunk":190,"minecraft:emerald":29,"minecraft:oak_sapling":91,"minecraft:coal":237},"minecraft:broken":{"minecraft:stone_axe":1,"exdeorum:crook":2},"minecraft:used":{"minecraft:stone_shovel":12,"minecraft:chest":6,"exdeorum:crook":368,"allthecompressed:cobblestone_1x":192,"minecraft:torch":14,"minecraft:dirt":5,"exdeorum:silk_worm":6,"minecraft:copper_ore":27,"ironfurnaces:iron_furnace":1,"minecraft:furnace":1,"minecraft:oak_sapling":39,"minecraft:egg":1,"minecraft:cooked_beef":4,"exdeorum:oak_sieve":18,"minecraft:iron_ore":34,"minecraft:stone_pickaxe":62,"minecraft:sand":11,"minecraft:crafting_table":2,"exdeorum:oak_barrel":6,"minecraft:stone_axe":103,"minecraft:pink_petals":4,"minecraft:cobblestone":91,"exdeorum:compressed_stone_hammer":192},"minecraft:killed":{"minecraft:bee":2,"minecraft:wandering_trader":1,"minecraft:trader_llama":2},"minecraft:dropped":{"exdeorum:basalt_pebble":872,"minecraft:iron_sword":1,"dankstorage:dank_1":1,"minecraft:wheat_seeds":1,"minecraft:oak_log":143,"exdeorum:deepslate_pebble":898,"minecraft:polished_blackstone":64,"minecraft:cobblestone":793,"minecraft:lead":2,"forcecraft:pile_of_gunpowder":2,"minecraft:apple":7,"minecraft:granite":12,"minecraft:copper_ingot":15,"everlastingabilities:ability_bottle":1,"minecraft:polished_andesite":60,"minecraft:stick":5,"minecraft:dirt":1,"minecraft:diorite":3,"exdeorum:compressed_stone_hammer":2,"alltheores:copper_ore_hammer":1,"exdeorum:granite_pebble":917,"minecraft:polished_basalt":60,"minecraft:string":3,"minecraft:pink_petals":182,"exdeorum:stone_pebble":22,"minecraft:polished_deepslate":64,"minecraft:polished_diorite":64,"minecraft:blackstone":3,"minecraft:cobbled_deepslate":3,"minecraft:wheat":1,"minecraft:raw_iron":2,"minecraft:oak_planks":28,"supplementaries:pedestal":1,"mysticalagriculture:inferium_essence":2,"minecraft:andesite":1,"minecraft:oak_sapling":37,"exdeorum:diorite_pebble":878,"minecraft:basalt":3,"exdeorum:blackstone_pebble":957,"exdeorum:andesite_pebble":986,"minecraft:polished_granite":48},"minecraft:custom":{"minecraft:mob_kills":5,"minecraft:interact_with_crafting_table":28,"minecraft:open_barrel":1,"minecraft:leave_game":3,"minecraft:time_since_death":105397,"minecraft:climb_one_cm":619,"minecraft:sprint_one_cm":54023,"minecraft:walk_one_cm":194758,"minecraft:drop":203,"minecraft:talked_to_villager":1,"minecraft:play_time":105397,"minecraft:sneak_time":8607,"minecraft:jump":290,"minecraft:total_world_time":115062,"minecraft:interact_with_furnace":39,"minecraft:sleep_in_bed":1,"minecraft:time_since_rest":87416,"minecraft:damage_taken":280,"minecraft:damage_dealt":830,"minecraft:fly_one_cm":22276,"minecraft:open_chest":84,"minecraft:crouch_one_cm":8074,"tombstone:villager_killed":1,"minecraft:fall_one_cm":3315}},"DataVersion":3465}